Spot.ID,Barcode,Spot.Area.mm2,Total.Cells,Mean.Arcsinh.CD33,Mean.Arcsinh.CD68,Mean.Arcsinh.CD71,Mean.Arcsinh.CXCR4,Mean.Arcsinh.CXCL12,Mean.Arcsinh.IL-6
8777,GGCGCAAGTACTTCTG-1,0.0023396914,2,0.43214,1.30042,0.38626,1.14623,1.4575,2.81311
8778,GCACTGCTCATCCTGT-1,0.0002940063,NA,NA,NA,NA,NA,NA,NA
8779,CTCGGACTGTCAGTAG-1,0.0028378811,37,0.59008,1.67516,0.72981,1.35991,1.68706,3.05415
8780,TGCGTCTGGAGCCAGA-1,9.337e-07,NA,NA,NA,NA,NA,NA,NA
8888,TCTTACATGAATAACC-1,0.0022615003,22,0.58319,1.8063,1.11381,1.39767,1.74563,3.1513
8889,TAATTACCTCTAGACC-1,0.0026956458,32,0.50779,2.00827,1.11049,1.49205,1.91968,3.20646
8890,CTCGGTACATACTGTA-1,0.00118111,6,0.29524,1.5866,0.79027,1.04708,1.64013,3.09907
8891,GTACCTACTGCCGGAC-1,0.0033158577,24,0.56701,1.89551,0.42634,1.34607,1.68565,3.02342
8892,ATTCTTGTAGGCATCT-1,0.0005485505,5,0.92617,2.25637,1.3939,2.08432,2.04112,3.09512
8994,TCATCCTTGGTAACAT-1,0.0013931194,NA,NA,NA,NA,NA,NA,NA
8995,ATCCGTAGAACACCGC-1,0.0033167912,5,1.12489,2.1708,0,1.15852,1.74644,3.25609
8997,TCATCTATAAGCCAGT-1,0.0014846054,NA,NA,NA,NA,NA,NA,NA
8998,TCAGACTCTAGGCTGT-1,0.0022978392,5,0.70889,1.85536,0.78598,1.27854,1.68827,3.10136
8999,GTAAGTCAAGGACAGA-1,0.0032821815,27,0.62142,1.97193,0.64437,1.34782,1.82016,3.15049
9000,GCCATAAGTTAACACT-1,0.0033167912,11,0.48624,1.74012,0.25517,1.31899,1.66545,2.92052
9001,GCGTCGTAGGTAGTGC-1,0.0033167912,21,0.6341,2.02252,0.73833,1.41389,1.679,3.06768
9002,CGCTAGGAGTTAATTA-1,0.0029476818,31,0.68266,1.85587,0.46654,1.53794,1.79966,3.15927
9003,CCTCACGTCTGTGCCA-1,0.000137512,NA,NA,NA,NA,NA,NA,NA
9004,TCGACGGCACAGCCTT-1,0.0033167912,22,0.63318,1.88674,0.31927,1.40471,1.74485,3.03896
9005,ATGTTCTTGCAGTCGT-1,0.0028866751,37,0.74324,1.81802,0.42227,1.43471,1.72558,3.04268
9006,GAACAGTGCGCAATGT-1,0.0008325831,10,0.80697,1.10135,0.70823,1.25397,1.91952,3.40452
9007,CTGTGCGACGAATCAC-1,3.98201e-05,NA,NA,NA,NA,NA,NA,NA
9106,TGCCACTTGGATCCAT-1,0.0030808674,NA,NA,NA,NA,NA,NA,NA
9107,ATTGTTATCAGTCTTC-1,0.0033167912,1,0.24473,0.18901,0.82438,0.61287,0.60317,2.38845
9108,TGCTATACTCCGAGTT-1,0.0005022695,NA,NA,NA,NA,NA,NA,NA
9109,GTTCCTGGCCAAGAAC-1,0.0033167912,19,0.54168,1.24627,1.46049,0.93091,1.37661,2.78525
9110,TACTAGACGATGTAAC-1,0.0033167912,1,1.53069,0.81099,0.00038,1.59091,2.19793,3.39443
9111,TCTTACTCCATAACCT-1,0.0033167912,13,0.54853,1.96089,0.99201,1.73403,1.81295,3.15905
9112,CAGACGAAGTCAGCAC-1,0.0033167912,2,0.28816,1.53883,2.28774,1.14611,1.76387,3.13265
9113,AGGTACCTGGACCTAA-1,0.0033167912,28,0.40399,1.57289,0.9205,1.52256,1.77965,3.03665
9114,TCAGTCGCGAGTTCCT-1,0.0032920805,9,0.35522,1.6135,1.64653,1.52941,2.04739,3.43123
9116,ATTGCCAGCAGTATGT-1,0.0009419039,NA,NA,NA,NA,NA,NA,NA
9117,TGTCATCCACAGCAGT-1,0.0033167912,25,0.67431,1.21664,0.47822,1.31079,1.77069,3.16898
9118,CCTGCTGGCTTGAGCA-1,0.0033167912,40,0.45612,1.62921,1.15995,1.4969,1.78337,3.12475
9119,CGACTAGATGCTATTG-1,0.001665556,8,1.28426,0.36489,0.01063,1.01277,1.50642,3.01655
9217,GAGCTATTACCGCCAG-1,0.0002359282,NA,NA,NA,NA,NA,NA,NA
9218,TGTCTGCGAGTTCATT-1,0.0033158573,41,0.51163,1.35948,1.28067,1.17456,1.55443,2.93668
9219,GGCGCCTACGAATGAA-1,0.0033167912,9,0.41843,1.27261,1.26637,1.2684,1.47096,2.96325
9220,CGTCGGATCAGCCGGC-1,0.0033167912,6,0.54118,1.04354,1.93676,1.40555,1.50154,2.76328
9221,GGAGCGAACAGTCAGA-1,0.0033167912,16,0.4193,1.30949,1.18081,0.99965,1.43512,2.81752
9222,TCATCTCACCGACTCA-1,0.0033167912,32,0.57243,1.74754,1.31576,1.39777,1.80463,3.12036
9223,GGCGCCTCTAAGACCG-1,0.0033167912,21,0.27838,1.8596,0.59371,1.46021,1.71931,2.83761
9224,ACCGGTATCGGACGCC-1,0.0033167912,13,0.34684,1.81968,0.45772,1.65427,1.62744,2.84016
9225,GTCAGCCTGCAGTACA-1,0.0033167912,6,0.39956,1.53231,1.11045,1.32489,1.54557,3.0239
9226,AACCTGTCCTGCGAGC-1,0.0033167912,20,0.22074,1.60052,0.62152,1.6325,1.82103,3.02479
9227,ATCAGATTGTCATAGA-1,4.09399e-05,NA,NA,NA,NA,NA,NA,NA
9228,CGAATCAACTCATTGC-1,9.337e-07,NA,NA,NA,NA,NA,NA,NA
9230,CGTCGCTTGGATTAAT-1,0.000852266,NA,NA,NA,NA,NA,NA,NA
9231,GTAGCACCTCGATCAC-1,0.0033167912,26,0.88334,0.22938,0.02889,1.15268,1.7359,3.06218
9232,GGCGAAGTACCATTGC-1,0.0033167912,40,0.97593,0.28219,0.05902,1.37186,1.76595,3.12314
9233,ATTCAAGAGCTCCTGA-1,0.0002231567,3,1.04076,0.29135,0,1.4684,1.85592,3.14818
9324,TGGACTGGTGGCGATA-1,0.000278065,NA,NA,NA,NA,NA,NA,NA
9327,GAACAAGCTCGCACGT-1,0.0002295112,5,0.42209,1.93132,0.85368,1.32407,1.51635,2.80897
9328,TCCGTGTCGATAGCAA-1,0.0031792824,20,0.44592,1.89833,0.40296,1.36825,1.57909,2.85018
9329,CAGAGGAACTTGACCG-1,0.0033167912,26,0.26555,1.38826,0.64114,1.27031,1.51992,2.86653
9330,CGAAGTGAGCCTTGCG-1,0.0033167912,14,0.1787,1.47879,0.72211,1.406,1.56997,2.94443
9331,GCAAGAATTCCGACCG-1,0.0033167912,37,0.35717,1.68642,0.5101,1.48766,1.54953,2.86538
9332,CAACTGACTGAGAACA-1,0.0033167912,31,0.28076,1.57064,1.1575,1.62776,1.59147,2.83682
9333,ACGTTAGGCTGCTACG-1,0.0033167912,3,0.59015,2.42106,1.66083,1.57609,2.03678,3.30198
9334,GCGAAGATCAGAACGA-1,0.0033167912,25,0.10946,1.75576,0.92668,1.80427,1.85114,2.93814
9335,CGCTCGAATAACAATT-1,0.0033167912,26,0.20054,1.52081,0.42759,1.92936,1.78904,2.90504
9336,CTATGCTTCTACGGAT-1,0.0033167912,34,0.15568,1.5546,0.31522,1.87553,1.74924,2.76922
9337,CCTCCATCAGTTACGC-1,0.0033167912,28,0.20694,1.32139,0.43225,2.17898,1.88823,3.09028
9338,TACAAGTTGTGAACAG-1,0.0021236761,6,0.17521,0.96093,0.03391,2.06752,1.73609,2.90871
9340,TGTTGGTGCGGAATCA-1,0.0033167912,28,0.18076,1.67972,0.46177,2.00368,1.87288,2.86567
9343,GCACTGTTAGTGGCAT-1,0.0020475235,3,0.79348,0.3138,0,1.1001,1.85384,3.01539
9344,TACAAGCGGATCAGAC-1,0.0033167912,32,0.74278,0.18539,0.1311,1.19991,1.76656,3.06577
9345,AGATGTGACCTGCTAA-1,0.0032821821,42,0.88554,0.24558,0.1113,1.21293,1.76714,3.1411
9346,TGCGGAGCCTCCAGAC-1,0.0001644403,NA,NA,NA,NA,NA,NA,NA
9437,AGATGGCGTAACCAGA-1,0.0029818201,1,0.60834,2.02888,0,0.55078,0.82749,2.65475
9438,TCAGACTGCTCGGATA-1,0.0006498136,2,0.05145,1.47042,0.01012,0.99693,1.29869,2.6298
9439,CATGTCTGGCCACTAA-1,0.0001487852,1,0,2.07097,0.92717,2.13217,1.98038,3.52895
9440,CTATGTGCCTTGCTAC-1,0.0033167912,23,0.16871,1.68565,0.66158,1.43774,1.60119,2.85089
9441,GTCGCATCACAAGCAG-1,0.0033167912,30,0.17118,1.70098,0.98591,1.68539,1.805,3.00015
9442,GTACATTGACAGCGAA-1,0.0033167912,20,0.18955,1.90441,0.74917,1.71479,1.77955,3.03915
9443,TGCCTACGAGTCAGAA-1,0.0033167912,40,0.16364,1.72268,0.63267,1.59525,1.6183,2.7876
9444,TGCTTAGTCTTAAGCT-1,0.0033167912,40,0.21049,1.79789,0.81246,1.62402,1.73579,2.85289
9445,ACGATTCCAGGCCTCC-1,0.0033167912,25,0.20269,1.82585,1.10387,1.83708,1.81031,2.97196
9446,GTTGACTTCCAAGGAA-1,0.0033167912,51,0.19587,1.94978,0.84211,1.6835,1.70894,2.9319
9447,GTCAGGATGCTGTTGA-1,0.0033167912,40,0.17464,1.89286,0.56295,2.24388,1.99479,3.1554
9448,CCGGATCATATGTCAC-1,0.0033167912,21,0.13143,1.99642,0.96917,2.18284,1.87508,3.14611
9449,CATAGAAGTGGACCGC-1,0.0033167912,31,0.19152,1.64006,0.60892,2.16402,1.90901,2.95253
9450,TCGCCGACATTAGTTG-1,0.0017456781,3,0.07214,1.50524,0.70234,2.02772,1.75656,3.11027
9452,CTAACAGCTGAAGAGG-1,0.0008883236,1,0.03556,2.37835,0.56113,2.84831,2.2568,3.56879
9453,ATAGGTATGCTGCCGG-1,0.0024750437,17,0.22043,2.23508,1.2432,2.33352,1.9848,3.07493
9455,ACCTCCAGTTATGCGT-1,0.0006031728,1,0.77211,1.33355,0.85358,1.1262,1.12716,2.53564
9457,TAGGCTCGTCTACACG-1,0.0022972296,14,0.58475,0.20279,0,1.23202,1.78499,3.13316
9458,AGTGTCTGCAAGATGT-1,1.68444e-05,NA,NA,NA,NA,NA,NA,NA
9459,GCAGGCTCAGATACAA-1,0.0003501013,2,1.21161,2.14248,0.48783,1.21356,1.60762,2.90631
9547,CTGCGACAGAATCCAC-1,0.0006950924,NA,NA,NA,NA,NA,NA,NA
9548,TCCGTCATACGGAGCA-1,0.0033150037,28,0.9755,2.1154,1.02601,1.57749,1.89406,3.33214
9549,AGCCAGTCGATGCTAG-1,0.0033167912,11,0.96205,2.36431,1.11566,1.70921,2.08206,3.50384
9550,ACTCGTCCACGCGAAG-1,0.0001325352,NA,NA,NA,NA,NA,NA,NA
9551,CCGGAGTTCATAGCGG-1,0.0007672245,NA,NA,NA,NA,NA,NA,NA
9552,TCCTGAGTGCCATACT-1,0.0033167912,10,0.06406,1.73735,1.09328,1.78588,1.85883,3.22716
9553,CTTCGAATGTTCCATA-1,0.0033167912,33,0.15391,1.92949,1.04938,2.09662,1.79404,3.11864
9554,ATCTGATAATACTAAC-1,0.0033167912,44,0.19016,1.94951,0.64745,2.04287,1.78053,3.03726
9555,GGTCCTTGTTCTTAAC-1,0.0033167912,33,0.12585,2.11805,0.65007,1.78458,1.77968,2.98823
9556,CAATTGGAGTCCTTCA-1,0.0033167912,50,0.17975,1.92447,0.58128,1.93071,1.7828,3.00051
9557,TACGACTTGAACGGAG-1,0.0033167912,39,0.20479,1.80866,0.56327,2.11456,1.78404,2.93539
9558,CCGGTAACTGAGTGGC-1,0.0033167912,13,0.10982,1.83022,0.12682,1.72433,1.65039,2.81783
9559,GCAAGACGCTCAGACC-1,0.0029250918,22,0.16328,0.93239,0.1354,1.6963,1.76368,2.93008
9560,CTATTAAGGATACACC-1,0.0025549705,1,0.39632,2.71047,1.61894,3.94773,2.28672,3.8232
9561,CTTAGCACTCTTATGC-1,2.30682e-05,NA,NA,NA,NA,NA,NA,NA
9565,GGTCACGGCTGAATTG-1,0.0010883236,3,0.28924,0.00306,0,1.55536,1.37211,2.44608
9566,TGAATTCAGGTTCGAA-1,0.0033167912,42,0.17538,0.91273,0.11145,1.67444,1.73253,2.96229
9567,CGCTAGCCGTTCATGG-1,0.0033167912,41,0.72533,0.42184,0.7112,1.3954,1.74533,3.0261
9568,GTGCAAGATCGAGTCA-1,0.002743085,14,0.82998,0.68283,0.54711,1.31321,1.61865,2.9342
9569,TAGTATAACTCAACGT-1,0.0026891788,9,1.11965,1.09455,1.56041,1.24672,1.58757,2.92622
9570,ATTCCGCATTGGTACG-1,0.0020695771,25,0.62906,0.43884,0.6986,1.49465,1.8032,3.07294
9571,CCTGTCTGTCTAACCG-1,0.0032270916,3,0.51569,0.16768,1.12617,1.62956,2.19695,3.37682
9572,ACTGAAGAACTTCATG-1,0.0011846108,5,0.63049,5e-05,0.04982,1.36552,1.62213,2.91372
9658,GCAAGTCGAAGAGTCG-1,0.0001931377,4,1.18672,2.13637,0.82785,1.59981,2.01818,3.42558
9659,CGATGGCACTCGTGAA-1,0.0027476768,4,0.88535,2.05901,1.02204,1.44845,1.87433,3.24024
9660,TCCTACAGCCTTGTAT-1,0.0033167912,19,0.76843,2.09008,1.38084,1.36834,1.79385,3.28945
9661,TGCCAATAAGTTGTTC-1,0.0033167912,18,0.90954,2.30999,0.89783,1.69964,1.94491,3.31043
9665,CCTGCTCCGCAACATT-1,0.0016583994,6,0.16243,1.73472,0.50664,1.95812,1.51531,3.03593
9666,CGGAGGTCCAGACATC-1,0.0033167912,3,0.12712,1.96715,0.93097,2.24876,1.70151,2.98162
9667,ATAACGGTCTTGTAAT-1,0.0033167912,21,0.15711,1.92678,0.40822,2.36756,1.87649,3.28539
9668,TCATCTGATCCTGGCG-1,0.0033167912,22,0.21103,1.90503,0.41105,1.89305,1.70905,3.01422
9669,AACTAGGCACAGGCTG-1,0.0033167912,33,0.25974,2.02221,0.23796,2.09173,1.85169,3.08977
9670,TCGCCGCTAGAATAGA-1,0.003066539,10,0.15636,1.46349,0.72028,1.98856,1.77889,3.09846
9673,GGACGTTCGCTCTGTA-1,5.39863e-05,NA,NA,NA,NA,NA,NA,NA
9677,TCAAGGCGGAGGCAGC-1,0.0024352257,22,0.40681,0.02776,0.14537,1.61809,1.48055,2.82566
9678,TCTACTAGGTCGGCGT-1,0.0033167912,55,0.40115,0.1126,0.30083,1.65819,1.60345,2.94453
9679,AACGGCCGTACTTCCT-1,0.0033167912,42,0.67694,0.00512,0.31247,1.22884,1.57312,2.96258
9680,CTTCCGACATAAGCTT-1,0.0033167912,37,0.91748,0.06286,0.16109,1.33596,1.69792,3.04286
9681,CTATAACCAGGTGGCG-1,0.0033167912,33,0.83493,0.12546,0.56614,1.46963,1.78273,3.09478
9682,TACACTACATCTAGGA-1,0.0009878337,5,0.84213,0.00084,3e-04,1.16423,1.34842,2.5204
9684,GGATTCTTGGAGCACT-1,0.0005916941,5,0.95265,0.42149,0.86242,1.60343,1.69038,3.00513
9768,ATGGATAGACCATGGC-1,0.0009220192,10,0.73673,1.9663,2.19655,1.19215,2.02036,3.49104
9769,AGGAGCCTGCTCAATT-1,0.0033167912,38,0.8628,2.06688,1.31753,1.3935,1.8929,3.25771
9770,CTGGCTGTACTAGATG-1,0.0033167912,27,0.83427,2.05938,1.48417,1.33719,1.91132,3.34089
9771,CTCCTACTGCCTTCTA-1,0.0022947702,7,0.87226,2.09102,0.53414,1.30672,1.83976,2.94357
9772,AGATACGCCATATGAT-1,0.0019741818,5,1.0714,2.16073,0.60009,1.37546,1.75963,3.10814
9773,ACGGATGTTGGCAACA-1,0.0002375086,1,0.49738,1.75224,3.23143,0.78776,2.03669,3.45376
9778,AACTGAAGTGGATGGT-1,0.0016142567,2,0.17358,2.15526,1.31379,1.99186,2.08625,3.1689
9779,CTGATTGCATGGCATC-1,0.0033158717,17,0.31286,2.11683,0.36667,2.39967,1.88958,3.08048
9780,TGTATGCCTCCAATAA-1,0.0033167912,16,0.25433,1.88577,0.65059,2.06809,1.69689,3.20452
9781,ATAGTTACTGGCGAGC-1,0.0033167912,11,0.41581,2.0911,0.01692,2.40848,1.96352,3.3309
9782,CAAGTGATGGCCTCTT-1,0.0014587103,2,0.17763,1.70105,0,1.87587,1.89521,2.86119
9783,TATCACCGAGGCTTAA-1,0.0010908653,5,0.21962,0.19781,0,1.288,1.31521,2.54517
9784,CGAAGACTGTTGACGC-1,0.0010553329,1,0.21766,1.39244,0,2.57284,2.17812,2.99767
9785,GTGGTTAACCGTTGGC-1,0.0032821808,13,0.42682,0.06331,0.50165,1.23934,1.24057,2.73645
9787,CCAGCCTGATCCGAGT-1,0.0007485534,2,0.50156,0.0681,0.34861,0.67669,1.2895,2.59014
9788,GTACCTACTTAGTCCA-1,0.0033167912,5,0.50805,0.05485,1.44347,1.22142,1.40087,2.79167
9789,CATCAGACAAGATCTT-1,0.0033167912,27,0.46681,0.21232,0.60872,1.4571,1.43724,2.76422
9790,ATCCTCAACCGACGCC-1,0.0033167912,37,0.4758,0.41787,0.35114,1.45263,1.53102,2.81305
9791,CGTTGGTGCACGCCAC-1,0.0033167912,44,0.85719,0.0527,1.06894,1.17183,1.54782,2.85945
9792,AGCCGCTCAAGTCTTG-1,0.0030936356,28,0.66577,0.04951,1.61875,1.13863,1.55991,2.97691
9878,AGGTGACGATTGTATG-1,1.7372e-06,NA,NA,NA,NA,NA,NA,NA
9882,GTTCTTCGTCGCCAAC-1,0.0015477271,3,0.84896,2.26388,0,1.29293,1.72886,2.92585
9883,GGTTCTAGGTCTCGGT-1,1.7871e-06,NA,NA,NA,NA,NA,NA,NA
9887,CCGTGCTGCACGGATT-1,0.0021029619,11,0.10061,1.8967,0.30451,2.05561,1.94431,3.05271
9888,TAATTAGGAGCACGCA-1,0.0032920807,23,0.17608,1.95779,0.17958,2.15969,1.8551,3.04832
9889,AATAGTGCCAACGGTC-1,0.0033167912,38,0.14871,2.01467,0.25591,2.09874,1.90842,3.17805
9890,AGCGACAGAATGAGCC-1,0.0026012032,16,0.20369,1.89741,0.16045,2.3563,1.90086,3.14098
9892,TCCGAGACGTGCGTGG-1,0.0016254032,NA,NA,NA,NA,NA,NA,NA
9893,TGAGACGTTACGCCGA-1,0.0033167912,24,0.16392,2.05171,0.13991,2.39598,1.95048,3.23515
9894,CTGCCGAGGAGTTAAT-1,0.0033167912,10,0.12252,1.63136,0.27055,2.12683,1.81367,2.97896
9895,TAGCGTATCTACGGTA-1,0.0033167912,42,0.12632,1.17325,0.24188,2.32762,1.87851,3.25039
9896,TGAAGAACGCTCCTGG-1,0.0033167912,33,0.19207,0.7984,0.29887,1.88858,1.75476,3.09638
9897,TGTATGACCTTACGTA-1,0.0033167912,15,0.14929,0.43698,0.06183,1.77368,1.71409,3.21786
9898,ATCAGAATTACTATTC-1,0.0033167912,34,0.37171,0.34281,0.78488,1.55243,1.6366,3.14885
9899,ATACTGCTGTCGTTGC-1,0.000329514,NA,NA,NA,NA,NA,NA,NA
9900,TACGGACACGCCACTC-1,0.0033167912,14,0.35672,0.59896,0.40479,1.72897,1.64042,3.04281
9901,GCAGATACGAGTATAG-1,0.0033167912,15,0.47122,0.38084,0.84568,1.35567,1.49223,3.02834
9902,GATGGACTACAGGTAG-1,0.0033167912,22,0.49744,0.54582,0.81788,1.67851,1.67442,3.17662
9903,TGGAGTCCTCAAGACT-1,0.0033167912,22,0.99965,0.04444,0.86324,1.03769,1.42821,2.84799
9904,ATTGCAGAGTTAGAGT-1,0.0005523612,6,1.11328,0.0214,1.14482,1.43122,1.67921,3.19729
9990,CCTCTACCTCAATATT-1,0.0033167912,NA,NA,NA,NA,NA,NA,NA
9991,ATCTACCGTACAGATC-1,0.0008234469,2,0.57399,2.23495,0.03895,1.42419,1.57744,2.99072
9996,GTACTTCGTTACTTGA-1,2.4709e-05,NA,NA,NA,NA,NA,NA,NA
9998,GTACAGGAGTCGATCC-1,0.0027669742,21,0.23679,1.9073,0.19921,2.34209,2.07116,3.37842
9999,TGGAGTGCTCACAAGG-1,0.0033167912,46,0.15429,1.63843,0.22464,2.32261,2.10602,3.26369
10000,TCTACATTCTTGCCGA-1,0.0033167912,6,0.22152,1.93344,0.23329,2.82381,2.29207,3.34967
10001,TAGTGCCAATGTGGAT-1,0.0033167912,42,0.09769,1.38791,0.19139,2.40582,2.02314,3.2867
10002,CGGATTCGAATAACCT-1,0.0033167912,40,0.1928,1.67486,0.09559,2.28262,1.99643,3.26027
10004,GTAGCGACTAACTATG-1,0.0007939002,1,0.20951,2.25658,0,1.99801,1.66086,2.91619
10005,GGTACGGTATTACTCC-1,0.0033167912,41,0.10205,1.74494,0.0817,2.26927,1.96747,3.35939
10006,ATAACTCGAAGTCCGC-1,0.0033167912,30,0.11466,1.15122,0.17427,2.15421,1.82063,3.29243
10007,ACTCGAACCTATAGAC-1,0.0033167912,22,0.1897,0.87452,0.29616,1.77279,1.71556,3.13714
10008,TCCAATCCTCATGGTG-1,0.0033167912,25,0.35353,0.66157,0.10859,1.76664,1.7286,2.98294
10009,TGGCATAATTGTAGCG-1,0.0033167912,19,0.43526,0.54155,0.05273,1.67132,1.78824,3.05042
10011,TCAAGGCGGATTACCG-1,0.0017083932,3,0.3497,0.21525,0.59625,1.5132,2.09138,3.02187
10012,AAGATTATGTCTAAGT-1,0.0033167912,39,0.69111,0.41551,0.48848,1.47629,1.70419,3.10262
10013,GCGATCAGCGGAGCTG-1,0.0033167912,16,0.66905,0.62327,0.00127,1.50584,1.53915,2.9554
10014,CGGAGCTATGTATCAG-1,0.0007761217,13,0.20461,1.11939,0.29309,2.13139,1.74897,2.94163
10102,CTGGCTATGCAATAGC-1,0.0033167912,NA,NA,NA,NA,NA,NA,NA
10103,GTAACAGGCCTCAAGT-1,0.0033167912,45,0.33419,2.16943,0.83171,2.05106,2.17628,3.39057
10104,TGCTGTCGAACAGAAT-1,0.0012522029,3,0.10643,1.5374,0.35946,1.02571,1.32929,2.66119
10108,ATGCTTCACTCGCTAA-1,0.0021676894,12,0.46208,2.23524,1.00066,1.94336,1.98136,3.28883
10109,GACACGCACGTTAGGA-1,0.0033167912,27,0.2943,1.84429,0.82321,1.81262,2.05626,3.41569
10110,ACATAGCTCGTGCGAA-1,0.0033167912,21,0.23753,1.72069,0.12502,2.12307,2.05543,3.02951
10111,CGACGCAGATACAACC-1,0.0033167912,54,0.19103,1.77655,0.29041,2.22776,2.13225,3.24431
10112,GTTCATGACATTCACG-1,0.0033167912,28,0.19436,1.65457,0.1611,2.14595,1.97296,3.11132
10113,GGTACCTTAGGCTCAG-1,0.0033167912,NA,NA,NA,NA,NA,NA,NA
10114,GCTTATAATTAATGGT-1,0.0033167912,35,0.1363,1.50841,0.07595,2.18561,1.94635,3.01185
10115,TATTCGGAACAATTCA-1,0.0031395352,37,0.23548,1.41861,0.03797,2.00358,1.95162,2.99305
10116,CTATCAGAGCTAACCG-1,0.0008166969,4,0.34519,1.65143,0.75056,3.04091,2.59593,3.77537
10117,GTACGCAGCGGTTCTG-1,0.0023029563,8,0.17438,1.6953,0.46371,2.3089,2.19636,3.34002
10118,TGTCACCACGGCGATG-1,0.0033167912,32,0.15451,1.608,0.21915,2.194,1.97318,3.2089
10119,CCTACCGCGACCATTG-1,0.0033167912,30,0.057,1.31089,0.21383,2.15955,1.9247,3.21861
10120,AAGAGCACCTAAGTCT-1,0.0033167912,26,0.06463,1.20933,0.44657,2.13395,1.89674,3.3215
10121,CGCAGATAACATACTA-1,0.0033167912,52,0.12986,1.17074,0.31889,1.90861,1.84643,3.09394
10122,CTACAGCCTGAAGTCT-1,0.0032022572,7,0.03561,1.18433,0.49736,1.87912,1.94729,3.23513
10125,GTCATCGTGATGCGAG-1,0.0031858045,10,0.01638,1.24675,0.55646,2.20462,2.06197,3.29372
10126,TAAGGTATAATCTTGG-1,0.0012227923,NA,NA,NA,NA,NA,NA,NA
10212,CGCTTGGACATGTCAC-1,0.0011528842,NA,NA,NA,NA,NA,NA,NA
10213,CACCTTCGGTCTGTAA-1,0.0033167912,35,0.53107,1.82594,1.46346,1.56917,1.97706,3.19113
10214,ATGAGCTCTAGCCAAG-1,0.0033167912,33,0.3752,1.95769,1.07749,2.02699,2.01575,3.23069
10215,GCCGCTGGCTTGACTT-1,0.0033167912,28,0.33786,1.91063,0.57432,2.00939,1.99013,3.23794
10216,AGGATCAGTCTATGGT-1,0.0001191175,NA,NA,NA,NA,NA,NA,NA
10218,ATGACATTCGACCAGA-1,0.000724917,1,0.00527,1.3735,1.7288,1.54885,1.70665,3.35733
10219,ATCAAGTTGGCTCAGA-1,0.0033167912,21,0.45979,2.05438,0.85485,1.73364,2.00557,3.25412
10220,TAAGCAGTACAGGCAG-1,0.0033167912,28,0.50191,1.79906,1.03133,1.51627,1.84674,3.14386
10221,GTATGTCTTCGCGTCA-1,0.0033167912,28,0.33712,1.79625,1.11995,1.71685,1.97593,3.05314
10222,TGCGCTCACGGACCAT-1,0.0033167912,30,0.26905,1.62999,0.29638,1.98844,1.91946,2.95496
10223,CAGTAGTGTACTATAC-1,0.0033167912,8,0.1127,1.66803,0.37313,1.90783,1.87224,3.02924
10224,CTCGGAAGCGGACGTA-1,0.0033167912,17,0.23074,1.75758,0.21192,2.33299,2.00862,3.22017
10225,CCAAGCTGCAGGACTA-1,0.0033167912,18,0.03982,1.58177,0.1755,1.93936,1.90706,3.09347
10226,CCTGGATAACCTAGAA-1,0.0033167912,13,0.20392,1.46669,0.2285,2.12608,2.06691,3.11667
10227,TGGTACTCGCCTTGCC-1,0.0033167912,24,0.10627,1.72696,0.09605,1.60711,1.74551,2.97875
10228,TAAGCCTGCGCATGGT-1,0.00133868,2,0.19923,2.19538,0.14149,2.11266,1.72343,3.07333
10229,TGCCTACATGAACGAA-1,0.0010227892,1,0.02572,1.82529,1.9941,2.97357,2.0706,3.66546
10230,ACATCTGGCGGTCCGA-1,0.0033167912,35,0.0048,1.3198,0.17226,1.93004,1.74938,3.13731
10231,TCGGTGTCCTGGTCCT-1,0.0033167912,33,0.00749,1.33615,0.50481,2.03169,1.90223,3.21178
10232,TGGTACTTGTACGTGA-1,0.0033167912,54,0.00419,1.34145,0.20652,1.94041,1.7142,3.12291
10233,TGCATTCTTGGTCGTA-1,0.0021479371,9,0.01661,1.38209,0.1271,2.13163,1.61403,2.9743
10324,CAATCAGTCTTGAGCG-1,0.0032258278,5,1.16626,2.13142,0.09525,1.1939,1.54344,3.08835
10325,AGGAGCCGGATAAGGC-1,0.0033167912,13,0.51853,1.51814,0.91384,1.43939,1.66606,3.04883
10326,AAGGTTACTTGTGGAA-1,0.0033167912,13,0.32017,1.55152,0.19936,1.59673,1.85633,2.97175
10327,GTGGTTAGCCGCTCTA-1,0.0033167912,12,0.13075,1.35741,0.40888,1.733,1.92926,2.96446
10328,CGCTGAACAATAAGCG-1,0.0033167912,NA,NA,NA,NA,NA,NA,NA
10329,GTTAATGCACTGCCTT-1,0.0033167912,2,0.00022,1.02155,0.00929,1.30002,1.31197,3.29139
10330,AGACTACACTTCGCTG-1,0.0032572329,22,0.19694,1.35959,0.30472,1.4356,1.88837,2.99485
10331,ACATAAGATCCGATCT-1,0.0033167912,18,0.15036,1.39266,0.27101,1.56691,1.83516,3.03783
10332,TAGGTCATCCTTCGCA-1,0.0033167912,47,0.20341,1.4125,0.47451,1.70736,1.96983,3.15128
10333,GTTATTCTGAGCTTGC-1,0.0033167912,30,0.30772,1.57249,0.60018,1.8132,1.88539,3.13722
10334,GCTTCGATTGATTACC-1,0.0033167912,57,0.15683,1.52439,0.28789,1.75189,1.88569,3.01748
10335,AGTTAAGGATCTGATT-1,0.0033167912,8,0.22046,1.4728,0.60166,1.54362,2.21985,3.33397
10336,GTGACTGCAGCGATAG-1,0.0033167912,9,0.24397,1.45582,0.11827,1.81922,2.00183,2.93906
10337,GTCTAGTTGGCACGGT-1,0.0032572347,12,0.13512,1.41404,0.29767,1.63826,1.7447,2.91812
10338,GCGATGTATTGACTTA-1,0.0033167912,25,0.12756,1.15567,0.23468,1.75186,1.71405,2.87035
10339,TGTCTTCAGAAGTGCC-1,0.0033167912,22,0.11487,1.22549,0.27957,1.50865,1.60052,2.67334
10340,TCGTATCAGACGGCGA-1,0.0033167912,12,0.12791,1.48289,0.45572,1.97899,2.00306,3.02769
10341,GCCGTGGTTCCGGATC-1,0.0022476818,NA,NA,NA,NA,NA,NA,NA
10342,ATTGTTATACAAGCCT-1,0.0001619846,NA,NA,NA,NA,NA,NA,NA
10343,TCGCAACAGGCCACTG-1,0.0011562163,3,0.00521,0.99553,0.07789,1.35396,1.97112,3.28318
10344,ATCGCAACTGCCTTCC-1,0.0028507479,21,0.00725,1.42695,0.04845,1.55358,1.42992,2.74803
10345,TGGAGTCTAGCGGTGC-1,0.0015811142,7,0.00455,1.18694,0.2098,1.59489,1.61727,2.95177
10432,CTGATTATCGTACATC-1,0.0011814566,NA,NA,NA,NA,NA,NA,NA
10433,GGTGGACGGACACCAG-1,0.0010189556,2,0.14909,1.77711,2.85228,0.86087,1.77999,3.30296
10434,GGCTGAGCTTGCGTGC-1,0.0024842102,3,1.12615,2.36445,0.69323,1.84176,2.04151,3.22831
10435,ATGTAGCTTCGGAATT-1,0.0033167912,28,0.77134,2.08857,1.51875,1.22602,1.85063,3.17398
10436,CCGACCTTCTATCACC-1,0.0033167912,11,0.80179,1.82492,1.04771,1.28242,1.7684,3.00315
10437,TGATAGCCTCCGTCAA-1,0.0033167912,15,0.04333,1.11268,0.49493,1.36682,1.85061,2.81623
10438,AGAACCAGCATAATAG-1,0.0033167912,7,0.06488,1.03554,0.40339,1.5607,1.70057,2.51973
10439,ATGTAGAACAGGTTGC-1,0.0033167912,20,0.135,1.1629,0.18667,1.55937,1.67618,2.65462
10440,CGTTGGTCGTAATATG-1,0.0033167912,13,0.09432,1.12558,0.31457,1.65635,1.68862,2.81
10441,TGAGCTTGAGATTCGT-1,0.0033167912,23,0.05498,1.05011,0.32863,1.45245,1.61872,2.77294
10442,TCACTACAAGGCATAA-1,0.0033167912,43,0.18508,1.17945,0.24981,1.45393,1.83038,2.89173
10443,GCCACGAGCAGAGCGG-1,0.0033167912,3,0.06874,1.38945,0.00216,1.43225,1.73644,2.65673
10444,TAAGTGCCGATATTGT-1,0.0033167912,33,0.18402,1.29057,0.50816,1.81734,1.8305,2.99566
10445,GTGGAGACAACCAGGA-1,0.0033167912,10,0.3178,1.44859,0.08987,1.60642,1.95424,2.94792
10446,GGCATACAGGCGTCCA-1,0.0033167912,47,0.11322,1.33069,0.38599,1.53191,1.7071,2.71121
10447,ATGCTCATACCACGAT-1,0.0033167912,20,0.07716,0.93298,0.22717,1.26007,1.57375,2.6589
10448,CTGCCTAAGCCTGTGC-1,0.0020170422,5,0.09452,0.71766,0.63139,1.59074,1.68669,2.81481
10450,TCGAATGCGTGCCTCA-1,0.0029083696,19,0.11625,0.68805,0.44223,1.62105,1.87114,2.89253
10451,ACTTGGACCGTCGATC-1,0.0033167912,35,0.10615,0.96746,0.34357,1.3876,1.63434,2.71504
10452,TGTCCTAGCAATTGTA-1,0.0033167912,28,0.18279,1.02754,0.23502,1.53561,1.63041,2.732
10453,GACAGACGGACAGAAC-1,0.0033167912,34,0.12064,1.20833,0.34281,1.5216,1.68224,2.83558
10454,ACCTGGTCTGCGCTGG-1,0.0022614587,17,0.64527,1.59572,0.18816,1.39524,1.43403,2.72618
10455,CCAATACCTACGTCGC-1,4.09408e-05,NA,NA,NA,NA,NA,NA,NA
10543,CTACCTGCATACGTCC-1,0.0015747617,NA,NA,NA,NA,NA,NA,NA
10544,TGATTCACGTCGGAGT-1,0.0012271066,15,0.71711,1.87993,1.8879,1.20406,1.70492,3.11928
10545,TCCAATCTTACTAAGA-1,0.0033167912,4,1.1329,1.95302,0.86238,1.50195,1.42958,2.98941
10546,TGTACCGTGAATTGCG-1,0.0033167912,35,0.75624,1.926,1.02167,1.32543,1.63878,2.99062
10547,AGCCATACTATCCGCC-1,0.0033167912,2,0.87045,2.03036,2.75662,1.07131,2.00539,3.55468
10548,CCTCGCTGCGAGTTGA-1,0.0033167912,10,0.79732,1.84539,1.30709,1.33659,1.60294,3.00418
10549,GACTGGTGGCTTGGAG-1,0.0033167912,9,0.16882,0.9727,0.96376,1.63792,1.91427,2.95535
10550,ATTCCAGAGCCGTGGA-1,0.0033167912,14,0.04955,1.29181,0.73268,1.82217,1.98878,2.99128
10551,TCGATGTACCGGTAGG-1,0.0033167912,28,0.05345,1.21227,0.22255,1.75965,1.93322,2.95087
10552,GTCTATACAGGCATGG-1,0.0033167912,7,0.05412,1.03142,0.00223,1.68891,1.63643,2.79396
10553,ATCGTCGGTCTACTCG-1,0.0033167912,24,0.09773,1.05489,0.25332,1.82873,1.87463,2.88933
10554,GAGGTGTATGGTTCTG-1,0.0033167912,40,0.11098,1.04359,0.30222,1.94115,1.74426,2.79792
10555,GGATAAGTCCAGGATA-1,0.0033167912,30,0.06226,1.28987,0.16822,2.05903,1.7941,2.99577
10556,TGCTTACTTATCTGCG-1,0.0033167912,22,0.12307,1.24208,0.48592,1.65336,1.75252,2.71797
10557,CATCGGCCTATTGTAT-1,0.0033167912,27,0.16335,1.14966,0.299,1.56456,1.71099,2.77963
10558,CGATAAGGAGCGAATA-1,0.0033167912,17,0.15145,1.24056,0.11326,1.53107,1.59611,2.82145
10559,CAGACGCAGTGGCAGC-1,0.0033167912,22,0.18819,1.21112,0.23173,1.63462,1.72858,2.86842
10560,GTTCTAACGGAACGGT-1,0.0033167912,16,0.29474,1.36777,0.0329,1.42826,1.47307,2.7311
10561,AACATCAAGGCTGGCT-1,0.0006665484,NA,NA,NA,NA,NA,NA,NA
10562,CCTAAGCGTAGGTCGC-1,0.0015933276,6,0.17085,1.02427,0.2717,1.15095,1.38572,2.48837
10563,TATGTCGCGTCTAGGC-1,0.0033167912,28,0.26615,1.08846,0.20224,1.52933,1.68088,2.8656
10564,CTACAGATCAACCTCA-1,0.0033167912,18,0.34001,1.20847,0.26874,1.31234,1.60332,2.79245
10565,TACTTAGACAACTCGC-1,0.0033167912,42,0.24136,1.23382,0.35111,1.48346,1.67977,2.79629
10566,ATCCGAACTCCTTGGT-1,0.0033167912,21,0.39744,1.59476,0.45595,1.43502,1.63848,2.7611
10567,ACTGCAACGGTCGTGC-1,0.0033167912,21,0.68314,1.8033,2.01129,1.03511,1.42345,2.7924
10568,ATAACATATCACTTCT-1,0.0008198703,NA,NA,NA,NA,NA,NA,NA
10652,GAGCACTACACTACCA-1,9.334e-07,NA,NA,NA,NA,NA,NA,NA
10653,ATGGAGTACTGTCCAC-1,0.0027157355,3,0.18827,1.83178,1.46844,1.38984,1.76505,2.96177
10654,CGTTACGTAGGCTGTT-1,0.0033167912,19,0.39494,1.65646,1.92213,1.20926,1.6873,3.03286
10655,GCGAACAGTCTTCGAC-1,0.0033167912,3,0.1404,1.45137,1.98279,1.41002,1.74209,2.98636
10656,TACCTGAGTGAGTGCG-1,0.0033167912,18,0.40386,1.89164,1.22243,1.43721,1.8047,3.11212
10657,CTGCATGAGGTAGTAT-1,0.0033167912,20,0.31642,1.81152,1.17422,1.48547,1.70404,2.98671
10658,CCGGAGACCGGATTCT-1,0.0033167912,9,0.60713,1.86397,1.07298,1.48605,1.81304,3.01521
10659,TGCCACGGAGTAAGCC-1,0.0033167912,6,0.53362,1.6348,1.68803,1.39373,1.64873,3.11172
10660,GGTCAATATGTAAGTT-1,0.0033167912,3,0.72033,1.59772,1.38855,1.1661,1.34529,2.88956
10661,TGCGCTCAACGCCGTC-1,0.0033167912,12,0.12679,1.44615,0.44152,2.02353,1.9768,3.1395
10662,CCGCGTTCCTGCGGTG-1,0.0033167912,1,0.21007,1.04995,0,2.21764,2.26104,3.16626
10663,GAATCCATTGTATGAC-1,0.0033167912,18,0.11577,1.16761,0.58953,2.16709,2.01249,3.13545
10664,CTTAACCACGTCTAGT-1,0.0033167912,42,0.14065,1.04654,0.23602,2.15022,2.067,2.97782
10665,TGAATGGCGTGCCGCA-1,0.0033167912,23,0.0445,0.95701,0.34867,2.19668,1.85049,2.94685
10666,GGCCTTCGGACAACCT-1,0.0033167912,47,0.06419,1.13695,0.3313,2.02498,1.84346,2.88737
10667,ATACTAATTATGGAAC-1,0.0033167912,51,0.10482,1.18409,0.6742,1.86793,1.84215,2.87153
10668,ATGACCGTGCGTATCT-1,0.0033167912,32,0.12922,1.2862,0.54448,1.89934,1.86312,2.8383
10669,ACTCGTTGGCTTGACG-1,0.0033167912,6,0.06485,1.29243,1.34244,2.18593,2.20415,3.18019
10670,TCAGTATCAGTCTGTA-1,0.0033167912,17,0.32865,1.54173,0.61452,1.42813,1.72632,2.85546
10671,CGCACGCACGGAGCCT-1,0.0033167912,15,0.33798,1.73926,0.29758,2.04215,1.84249,3.04259
10672,CTTGAATCTGGTCGTG-1,0.0033167912,28,0.39539,1.2832,0.27682,1.52743,1.62257,2.69871
10673,GTGCAGCCAGCTTCTG-1,2.39359e-05,NA,NA,NA,NA,NA,NA,NA
10674,ACTCGTCCTCGTTGAC-1,0.0004159202,NA,NA,NA,NA,NA,NA,NA
10675,GTACGCTCGGAGCGTG-1,0.0033167912,37,0.48712,1.26681,0.51912,1.23442,1.4317,2.79302
10676,GGAGCGTTATTGGCGA-1,0.0033167912,27,0.70628,1.45999,0.4588,1.44426,1.5086,2.82123
10677,CCGATTAACCTTATGC-1,0.0033167912,37,0.36334,1.65522,0.3125,1.49793,1.57054,2.75303
10678,CTACTCTGCTTCGGTA-1,0.0017084013,14,0.6614,1.45717,1.44059,1.07204,1.54693,2.96699
10764,GCGTCTGGATGGTTCG-1,0.0033167912,17,0.69187,1.62157,1.29784,1.32837,1.49789,3.06132
10765,ACCAGTTAAGTGTAAC-1,0.0033167912,12,0.41427,1.50542,1.75212,1.38444,1.4791,2.93723
10766,GAGGTGTATGCCGCAC-1,0.0033167912,24,0.46128,1.68951,0.92495,1.66368,1.69343,2.92089
10767,AGGACTGGATTAGAGG-1,0.0033167912,23,0.50038,1.67889,1.23933,1.93863,1.8429,3.02694
10768,GATTCCTACCGGCATT-1,0.0033167912,20,0.37951,1.82524,1.1358,1.74681,1.7841,2.96729
10769,TACTTAACTTGCCTTC-1,0.0033167912,30,0.5442,1.93896,1.22878,1.80955,1.73296,3.05655
10770,CTGGCTGTAGATGAAT-1,0.0033167912,4,0.18216,1.79011,2.02022,1.74181,1.59864,2.87756
10771,CTATGGTGAACGAAGC-1,0.0033167912,18,0.58877,1.8949,1.17093,1.71364,1.84318,3.16181
10772,ATTCAGATTCTACATT-1,0.0033167912,16,0.44317,1.81676,1.1931,1.85857,1.73313,2.94066
10773,TCTAACCGACTAGACA-1,0.0033167912,34,0.33817,1.69089,0.81747,2.30737,1.8978,3.07593
10774,CGTCCAGACTGTCTAA-1,0.0033167912,12,0.27333,1.47511,0.48586,2.26443,1.96944,2.95524
10775,AGGCTGCACGGCTGAG-1,0.0033167912,34,0.09729,1.21807,0.43672,1.84009,1.75187,2.93817
10776,CTCATAATGGATGGCC-1,0.0033167912,10,0.15932,1.23979,0.44842,1.91432,1.94479,3.13217
10777,AAGGTTATAAGTACAA-1,0.0033167912,11,0.14388,1.20719,0.57586,1.64221,1.66922,2.84468
10778,CTGACTTCAGTGGCTG-1,0.0033167912,18,0.26194,1.50777,0.55285,2.28017,1.98676,3.02367
10779,GCACTGTTGGATTGGT-1,0.0033167912,31,0.22848,1.45347,0.26797,2.12673,1.93708,3.02679
10780,TGGCATGCCTCACTAG-1,0.0033167912,21,0.19207,1.67524,0.95759,2.2101,2.10144,3.17649
10781,CTCAGAGGTATGCGAG-1,0.0033167912,21,0.29374,1.68161,0.76035,2.04311,2.0085,3.06532
10782,GGCGACGTCATGGCTC-1,0.0033167912,23,0.23374,1.97675,0.80592,1.74401,1.76078,2.928
10783,TAATAGCCACGAACTA-1,0.0033167912,38,0.21045,2.00661,0.80973,1.87416,1.76216,2.87961
10784,CTATTCATCCAGACCG-1,0.0033167912,29,0.30264,1.83264,0.40982,1.45838,1.48435,2.79183
10785,CGCATCTTGACAGTTA-1,0.0031792798,26,0.25959,1.78821,0.99242,1.67782,1.70221,2.9893
10788,TCGCACGATGAACGTT-1,0.0032011148,8,0.17015,1.69903,0.63098,1.59136,1.54146,2.74733
10789,GTGATGGACGCTATCG-1,0.0007762535,12,0.32018,1.78339,0.65373,1.59531,1.56961,2.81534
10874,GGAGGTGGTCAAGTTG-1,0.000223158,NA,NA,NA,NA,NA,NA,NA
10875,TACCTCGTAGGAACTT-1,0.0033167912,17,0.79959,1.63608,0.06677,1.49438,1.54859,2.8925
10876,ATTCTGCCGAGGCTCA-1,0.0033167912,40,0.31404,1.30116,1.261,1.59224,1.57382,2.81761
10877,CCTGGATCGTCTGCGA-1,0.0033167912,57,0.14172,1.36666,1.09059,1.75945,1.60323,2.80045
10878,CCTTAGTACACTCCTT-1,0.0033167912,37,0.16773,1.63834,1.19448,2.06658,1.69832,2.94198
10879,CCTCGCGACGTGCTAA-1,0.0033167912,60,0.22478,1.51698,1.09368,1.86817,1.63584,2.84213
10880,AATTGGACTATCAGCC-1,0.0033167912,7,0.20769,1.44959,1.19794,1.70908,1.43013,2.68299
10881,CGCATGAGTTATAGCG-1,0.0033167912,46,0.27911,1.62476,1.15586,1.90804,1.76954,3.00443
10882,TCTAGCAATGCGATCA-1,0.0033167912,2,0.23119,1.84177,2.32784,1.23566,2.05788,3.20306
10883,AGCTATGCGGAACATA-1,0.0033167912,1,0.08308,1.86908,1.36453,2.34217,1.97961,3.36156
10884,GTTCGCGGTTCATCAG-1,0.0033167912,6,0.18014,1.32838,1.73144,1.17684,1.6179,2.73091
10885,ATAGCTATGTAGCATA-1,0.0033167912,20,0.26852,1.58192,0.51023,2.22574,1.91477,2.94337
10886,GTAGGACTAATCCACG-1,0.0033167912,3,0.21098,1.73595,0.79866,2.88903,1.9528,3.27765
10887,GAGTCCACGAACTAAC-1,0.0033167912,10,0.1249,1.54125,0.2417,1.50892,1.58178,2.77016
10888,AACCAATCCGATCGCT-1,0.0033167912,10,0.27778,1.76465,0.41617,2.26297,1.89551,3.05114
10889,TGCACGGTTGGACTCC-1,0.0033167912,9,0.12545,1.17042,0.55418,1.64213,1.65674,2.85288
10890,TCGGACCACGCAGGTG-1,0.0033167912,18,0.24801,1.59096,0.55666,2.27724,1.82924,3.00388
10891,CAATCTTATCGATGAC-1,0.0033167912,23,0.30753,1.53107,0.68016,1.89505,1.80046,3.00308
10892,ACGGCTGCTTCATAGC-1,0.0025289656,11,0.38343,1.70979,0.36086,2.15005,1.78622,2.8714
10893,CTAACCTATCGATTAT-1,0.0033167912,45,0.23407,1.55761,0.38271,1.70299,1.62326,2.82546
10894,ACAGGTACTATCTTAA-1,0.0033167912,15,0.33105,1.79975,0.80861,1.65961,1.6704,2.79904
10895,GAATGAACCTTATCCA-1,0.0033167912,31,0.41733,1.83987,0.73895,1.63443,1.58602,2.79109
10896,TGAAGAACAGGTATCA-1,0.0033167912,19,0.41604,1.78665,0.56568,1.54828,1.5572,2.73681
10897,ATAGTTCGAGCACGCA-1,0.0011227902,2,0.13206,2.17907,0.48037,1.09384,1.87651,3.10792
10983,TGTACCGCATCCGGCG-1,0.0018065051,NA,NA,NA,NA,NA,NA,NA
10984,TGACAGACTGAGTTAC-1,0.0003579069,NA,NA,NA,NA,NA,NA,NA
10986,ACTCGACGCACTTCCA-1,0.0007253414,9,0.57997,1.4253,1.14165,1.75154,1.74825,3.06184
10987,ATGTACGGCGGTAATA-1,0.0033167912,38,0.61719,1.48501,0.74952,1.38216,1.4074,2.7532
10988,AACCATACCATAGACG-1,0.0033167912,2,0.39675,1.70216,1.25794,1.67898,1.66799,2.95055
10989,GTATGTTGTAGTAACC-1,0.0033167912,18,0.29384,1.86242,0.62919,2.49942,1.90329,3.25936
10990,GCACAGTCACTCATCC-1,0.0019401503,NA,NA,NA,NA,NA,NA,NA
10991,AGTCACGTACGAGTCT-1,0.0013083981,1,0.0089,1.16301,2.15243,1.4722,1.43001,2.74611
10992,TAGATGGTCGGAGGCG-1,0.0033167912,38,0.24627,1.87935,0.90553,2.65509,1.9829,3.34458
10993,TCAGTTAGTTAACCGC-1,0.0028378829,28,0.29607,1.79943,0.60906,2.81394,1.9469,3.23396
10994,CGACTAAGGCAGCGAC-1,0.0023371433,7,0.23322,2.26472,0.54445,2.87565,2.07876,3.29118
10995,ATTACCTTGTGGCGTT-1,0.0032564319,21,0.14028,1.73077,1.1871,2.14411,1.77042,3.03262
10996,GCGTCTCGACGTGAAC-1,0.0033167912,14,0.23259,1.46115,1.19197,2.1468,1.82711,3.03727
10997,AGAAGGCATTCCTCCG-1,0.0033167912,2,0.09677,1.56404,0.17101,2.7787,2.03746,3.51282
10998,GTAGCAACCGGTTATT-1,0.0033167912,18,0.15328,1.66178,0.64859,2.20933,2.06337,3.10532
10999,TGTCGATCGATCGATT-1,0.0033167912,5,0.02657,1.09683,0.00222,1.80382,1.56593,2.65216
11000,AGAAGGCACTTGCATA-1,0.0033167912,4,0.0582,1.62548,0,1.68309,1.53212,2.88328
11001,GGTGATACTCAACCGC-1,0.0033167912,22,0.0909,1.49186,0.64255,2.03469,1.85763,3.04082
11002,ATCGCATTCCTATCCA-1,0.0033167912,3,0.24805,1.65845,0.07405,1.89648,1.65307,2.72007
11003,AGACCGAGAATCCTTG-1,0.0033167912,26,0.11635,1.47427,0.47729,1.81599,1.7426,2.97581
11005,CGAAGTGACAACTCGG-1,0.000595223,1,0.65443,0.63256,0.1932,3.49809,2.61456,3.3957
11006,CTCGATGCTTCGATTC-1,0.0023973518,2,0.09453,1.24615,1.50919,0.64767,1.03965,2.49951
11007,GACCACTCGCATTCAG-1,0.0029507442,7,0.35523,1.63275,0.28024,1.34087,1.26757,2.5885
11008,TAGGACCGAGTAAGAT-1,0.0001215712,NA,NA,NA,NA,NA,NA,NA
11094,TACTCCGTGACAGTAG-1,0.002697227,NA,NA,NA,NA,NA,NA,NA
11095,GATGACATGTTCACCA-1,0.0033167912,23,0.46357,1.34842,0.71501,1.41688,1.41466,2.82444
11096,TAGTTCGTGACAATGC-1,0.0033167912,23,0.39013,1.33674,1.22952,1.27021,1.29616,2.76072
11097,CGAGTTACTTCATTCG-1,0.0028579049,NA,NA,NA,NA,NA,NA,NA
11098,TCCTGAAGCGGTTGCC-1,0.0033167912,6,0.70463,1.38854,0.66201,1.45739,1.23206,2.55969
11099,ATCCGGCGGTCTGGCT-1,0.0033167912,39,0.46927,1.38092,1.09393,1.48778,1.48043,2.82758
11100,TACTAAGGACAACGTC-1,0.0033167912,12,0.21511,1.73202,0.80648,1.97833,1.75105,2.9503
11101,ATCTCGGTTGGTGCTT-1,0.0012220267,1,0.76744,1.521,0.03197,1.91416,2.00578,2.91534
11108,GTCTGCAACTCAGCTG-1,0.0031538444,4,0.2372,1.57254,1.43004,1.53958,1.52408,2.85691
11109,CACTAAGCGTTCGGTT-1,0.0033167912,37,0.09369,1.93539,0.85732,2.17966,1.94559,3.10477
11110,TACGACTTAACGTCTA-1,0.0033167912,9,0.02163,1.69046,0.55392,1.37247,1.6379,2.90894
11111,CTATTATGGCTGACCA-1,0.0033167912,13,0.12854,1.93476,1.13253,2.26294,2.03855,3.18001
11112,TGTTCAGAATCCTAAT-1,0.0033167912,2,0.21289,2.45018,1.91462,2.1004,2.01599,2.92709
11113,TCCTGAAGCGCACCGA-1,0.0033167912,7,0.13781,2.17687,0.48742,2.05628,1.90086,3.12955
11114,GTGGTTGCCTTCTACC-1,0.0033167912,30,0.16452,2.07475,0.83349,2.13589,1.85947,3.04042
11115,GTCAGTATTGGACTAT-1,0.003197681,24,0.10234,2.06259,0.92137,2.08147,1.89763,3.07374
11207,GTCATAACCACGCACC-1,0.0033167912,29,0.48585,1.14578,1.17591,1.39686,1.54181,2.75624
11208,GAACGCAGGCCTGTGC-1,0.0033167912,52,0.27299,1.4095,1.2071,1.51386,1.66795,2.90902
11209,TCGAGTACATTGCACT-1,0.0033167912,28,0.334,1.2689,1.224,1.42106,1.57548,2.86552
11210,GGCTCAGTGACCTGTC-1,0.0033167912,2,0.2226,0.88606,2.39446,1.02812,1.49519,2.90821
11211,ATAAGACCACGTACTA-1,0.0033167912,19,0.11114,1.5096,1.14668,1.50615,1.43799,2.64141
11212,TAACATCAATCCGCAC-1,0.0033167912,47,0.40035,1.25353,1.15131,1.42054,1.59839,2.84927
11213,ATGTACGATGGTACAG-1,0.0033167912,22,0.16647,1.42179,0.53375,1.80258,1.51777,2.82023
11221,TCGAGTATACGTCTTG-1,0.0033167912,7,0.09968,1.82479,1.16145,1.74804,1.84369,3.09461
11222,TGATCTGTCGGATAGA-1,0.0033167912,9,0.08739,1.75624,0.77362,1.82516,1.5833,2.82997
11223,GGCCGATAACATCTTG-1,0.0033167912,6,0.0377,2.02841,1.77322,2.01564,2.03464,2.96541
11224,AATTCCAGTCTAGACG-1,0.0033167912,16,0.15128,1.96697,1.1544,1.56951,1.54205,2.63077
11225,TCATGACACCGCACTC-1,0.0033167912,20,0.16884,2.00533,0.80707,1.83559,1.62043,2.77811
11226,GTCAACGCTAGACCTA-1,0.0033167912,13,0.14393,1.83315,1.04678,1.76166,1.64569,2.6329
11227,ACGGTGATACAACCGC-1,0.0033167912,18,0.14793,1.88402,1.00394,1.90334,1.7244,2.91485
11228,TGCGATTACTATGGAG-1,0.0020321546,6,0.26368,1.83231,1.34029,1.87609,2.01106,3.12671
11317,CAGGCCACGGAGTTGT-1,0.0023114665,21,0.48655,1.24778,0.4537,1.30707,1.48448,2.60464
11318,TAAGACGTGCGTGGCA-1,0.0033167912,4,0.49889,1.32703,0.82655,1.22082,1.5085,2.39369
11319,TGTAATGATACACTAC-1,0.0033167912,8,0.26546,1.52271,0.83275,1.30353,1.54597,2.62641
11320,TCGACTCACTTCGTGA-1,0.0033167912,16,0.26887,1.50112,1.24329,1.63355,1.7987,2.87621
11321,CGACTGGTACATCACT-1,0.0033167912,14,0.25168,1.60168,0.57383,1.73781,1.5716,2.77155
11322,ATGCCAAGGATTGATC-1,0.0033167912,19,0.38367,1.5232,1.2752,1.6931,1.63716,2.84394
11323,TAAGACAAGAGCGATA-1,0.0033167912,7,0.3892,1.62527,1.04333,1.43042,1.50512,2.60314
11324,GTCTGATACACTGAAT-1,0.0033167912,34,0.36716,1.58123,0.2926,2.09434,1.56043,2.71348
11325,TATGTTGGACTCAGCA-1,0.002528955,4,0.32365,1.77473,0.46387,2.49208,1.68563,2.70936
11330,CGTAGTTGGTGACCAC-1,1.16349e-05,NA,NA,NA,NA,NA,NA,NA
11331,TCAGTCCGCCACTCTT-1,0.0016281165,NA,NA,NA,NA,NA,NA,NA
11332,CTTGTCTATCACATCT-1,0.0033167912,15,0.31554,1.54338,0.14379,2.09929,1.52257,2.72784
11333,CAGTCTAGCTATAGCG-1,0.0033167912,7,0.17961,1.66959,0.70106,1.8358,1.71416,2.95555
11334,GCGAACAACGGAATCG-1,0.0033167912,42,0.20585,1.83041,1.37778,1.84828,1.71463,2.88795
11335,AGTCTAGCTTGTTACA-1,0.0033167912,35,0.20467,1.91592,1.37948,1.58857,1.72295,2.91454
11336,GAATTCTGATAAGTAT-1,0.0033167912,14,0.18932,1.81804,0.80512,1.61437,1.5562,2.6779
11337,CGCCTTCATTCAAGAC-1,0.0033167912,39,0.27671,1.8251,0.93832,1.83994,1.65144,2.82775
11338,GTTCCGTGATGCGTAG-1,0.0033167912,30,0.3299,2.06963,1.18562,2.01191,1.80092,2.94706
11339,ACGGCGAGGATGCAAT-1,0.0030475238,14,0.23599,1.9334,1.17832,1.77753,1.62518,2.85553
11429,GACGCCTCGGCGCCAA-1,0.0032258293,9,0.38601,1.55502,0.79982,1.25193,1.6216,2.63433
11430,AACGAGCGGTTGTAGG-1,0.0033167912,40,0.4653,1.64529,0.48034,1.60028,1.72393,2.74744
11431,AATTATGAATCCTGTC-1,0.0033167912,34,0.4525,1.76999,0.59868,1.83703,1.86968,2.89048
11432,ATCTACGGAACGCAGC-1,0.0033167912,28,0.2852,1.77239,0.82883,1.83181,1.75448,2.85079
11433,CAGACGGAAGGTTAGG-1,0.0033167912,12,0.30208,1.95641,1.36983,2.10883,1.75279,3.07845
11434,ATAGTGTCTTACTGAC-1,0.0033167912,5,0.36671,1.7361,0.9092,1.65278,1.58683,2.73352
11435,TACATTCGGTACATAC-1,0.0033167912,11,0.27278,1.83258,1.4413,1.85162,1.70542,2.9036
11436,ACCAAGTGCTACCGAA-1,0.0033167912,49,0.42854,1.69716,1.00147,1.58661,1.71904,2.85726
11437,GAAGCGGAATTAATGT-1,0.0033167912,8,0.26833,1.84589,0.84864,2.23392,1.74076,2.86445
11438,ACGACTCGCTACCTCA-1,0.0004883074,1,0.02379,2.33339,2.53975,2.29505,2.17441,3.50047
11442,GATCCAATGCTCGTGC-1,0.001308852,2,0.01108,0.77704,1.34116,1.09399,1.06576,2.15414
11443,CTACGAGTAACGAAGG-1,0.0033167912,15,0.35097,1.9816,0.95117,2.42364,1.92726,3.09824
11444,CATCGGTAATTGGTCT-1,0.0033167912,8,0.42062,1.98934,2.09765,2.09649,1.74567,2.72418
11445,TCGGACGGCAGTCCAG-1,0.0033167912,37,0.35958,1.77843,0.9041,1.72556,1.74033,2.92441
11446,ACATTGCGTGGACTGG-1,0.0033167912,23,0.43388,1.70579,1.07056,1.58679,1.66899,2.68657
11447,CGGCGTCATGATACAA-1,0.0033167912,40,0.57451,1.80703,0.83044,1.52322,1.57869,2.69834
11448,TAGAGTTGGTCTAATT-1,0.0033167912,40,0.63337,1.97944,0.84856,1.55386,1.6087,2.83651
11449,GTCAGTAGGTTGGAGT-1,0.0033167912,31,0.58175,1.99997,0.71474,1.5258,1.59169,2.76388
11450,CAAGTATCGGAGTTAC-1,0.0031042628,22,0.44062,1.70529,1.12065,1.76525,1.73828,2.89372
11451,AGTGCAACCTAGAAGC-1,0.001496956,4,0.67508,2.00494,0.08549,1.48064,1.44346,2.678
11539,CTTACGAAGGTGAATT-1,0.0003303768,NA,NA,NA,NA,NA,NA,NA
11540,ATAGCTGTGACCATTC-1,0.0033167912,44,0.25414,1.89161,1.26994,1.86942,1.89901,2.87883
11541,TCAATTGGCCGGATGT-1,0.0033167912,17,0.18568,1.6716,0.63757,1.62437,1.70447,2.69142
11542,GTCGTAATTCCTGTCC-1,0.0033167912,4,0.22868,1.88401,0.28946,1.44862,1.71184,2.38562
11543,CACCTAGATACTTAGG-1,0.0033167912,35,0.17745,2.03917,0.81462,2.02561,1.86985,2.86873
11544,ACTCGTCAGATGACCT-1,0.0033167912,28,0.21867,1.99848,0.99874,2.0837,1.96948,2.87578
11545,CTCCAATCTTGCCATG-1,0.0033167912,31,0.19545,2.18502,0.85434,2.21165,1.86604,2.96311
11546,ACAGTACGATCGAGCG-1,0.0033167912,16,0.12743,1.98472,1.05081,2.07315,1.7919,2.78504
11547,ACCAAGTTAGCTAGTA-1,0.0033167912,50,0.20786,1.90255,1.12454,1.81959,1.82668,2.87773
11548,TAACGAGCACCGCCAG-1,0.0033167912,19,0.18403,1.96538,0.54497,2.11214,1.58161,2.99738
11549,GACAGAGGTAAGGTAA-1,0.0017741775,1,0.56897,2.55665,1.79432,3.84348,2.50183,4.20323
11553,GGCCTTACCGCTAGTT-1,0.0030864017,28,0.20416,1.98111,0.90174,2.05943,1.64671,3.05028
11554,CGAGGAGCGAGGTTGT-1,0.0033167912,49,0.19105,1.96744,0.60022,2.18358,1.71432,2.93355
11555,CTGTCAATGGCTATTA-1,0.0033167912,28,0.24102,1.9876,0.6057,2.12719,1.65604,2.90063
11556,CCGTTCTATCTAGGAG-1,0.0033167912,NA,NA,NA,NA,NA,NA,NA
11557,CTTGTATCGTTGCTAT-1,0.0033167912,7,0.79449,1.66586,1.16135,1.26731,1.65271,2.82869
11558,TAGGACAGGTACGCAA-1,0.0033167912,33,0.40039,1.51,1.07164,1.356,1.49038,2.59763
11559,ATCGTCGATTCACCAG-1,0.0013922698,3,0.70627,1.47487,0.84753,1.59263,1.61818,2.85833
11560,AACAATCCGAGTGGAC-1,4.18095e-05,NA,NA,NA,NA,NA,NA,NA
11652,CGTGCCTGTAATCTGG-1,0.0012497602,2,0.11163,1.86577,0.45433,1.82659,1.88024,2.94569
11653,ATTCGTAATTGCATGT-1,0.0033167912,29,0.20959,2.1714,1.01341,2.14743,1.99654,3.07978
11654,TGGCAGATGGCACCGC-1,0.0033167912,7,0.27904,1.96776,0.49896,1.85079,1.78296,2.84167
11655,TACTCCGTTGCAGCCT-1,0.0033167912,5,0.16031,1.85668,0.00147,1.98085,1.94649,2.84788
11656,AGTTAACCGCGAGGTT-1,0.0033167912,37,0.2425,2.07436,0.85099,2.33811,1.9365,2.91137
11657,TGACAGACTGCGCACG-1,0.0033167912,7,0.22121,1.98899,0.00537,1.82192,1.73778,2.66028
11658,GAAGCTTAGAGCATCC-1,0.0033167912,6,0.33065,2.51425,0.95267,2.59142,2.07766,3.15214
11659,CTTAGCGTACGGTCTA-1,0.0033167912,10,0.09315,1.94133,0.64635,2.03174,1.73203,2.84598
11660,TAGCGTGCTTACCGGT-1,0.0033167912,6,0.42465,2.17103,0.51029,1.9706,1.97685,2.91181
11661,CTAACTAACGGCCAGC-1,0.0014289829,3,0.23007,1.82163,0.34717,1.87011,1.31801,2.94325
11665,TAGTGCGGTCAGACAT-1,0.00135829,5,0.2024,2.26199,1.44225,2.30906,1.8881,3.14075
11666,GGCGCCGTTGCGCAAT-1,0.0033167912,22,0.26688,1.8115,0.49343,1.62909,1.50535,2.72071
11667,TCACGCAGGATCGGTA-1,0.0033167912,14,0.40118,2.07338,0.49255,2.0669,1.77972,2.82448
11668,TGGAAGTTGTATAATT-1,0.0033167912,10,0.37945,1.99328,1.02529,1.83211,1.69402,2.81248
11669,CGGTTGGCCATAGCCG-1,0.0033167912,6,0.38533,1.86135,0.00376,1.64338,1.59279,2.82016
11670,ACGGCAACAGCAAGTT-1,0.0025466553,23,0.80239,1.74858,0.31858,1.2136,1.35297,2.61978
11764,CAGTAAGATATCCTAA-1,0.0033167912,15,0.21303,2.13723,0.60085,2.05031,1.987,2.99207
11765,AATGGCAAGACATATT-1,0.0033167912,37,0.17647,1.89837,0.53432,1.75088,1.68733,2.76028
11766,AGGACATTAGTGGAAC-1,0.0033167912,21,0.12867,2.15812,0.75514,1.88246,1.87726,2.93441
11767,CGAGTCTTGTTAATGC-1,0.0033167912,24,0.12403,2.0115,0.84267,1.85739,1.75155,2.78499
11768,GTCGCAATAGTAACCG-1,0.0033167912,33,0.17312,2.10703,0.87676,2.00974,1.8455,2.97694
11769,CATAGACTATTCGGTC-1,0.0033167912,23,0.08391,1.73477,0.6222,1.69995,1.7436,2.85671
11770,CCTAATTGCCATCAAC-1,0.0033167912,7,0.10784,2.15426,0.89983,2.08073,1.91852,2.92971
11771,TGCCTACTGACTGCGT-1,0.0033158578,3,0.12345,1.50189,0.37971,1.00152,1.44113,2.87461
11777,GTTATTCTCGCTAAGA-1,0.0012053264,4,0.41346,1.91313,0.6312,2.37785,1.81343,2.72948
11778,ATTGCCAATGGTCACC-1,0.0029579075,16,0.38406,2.06507,0.358,1.76846,1.54269,2.73791
11779,TACGGACAGAACGCTA-1,0.0033167912,22,0.38404,2.02403,0.73089,1.65198,1.66938,3.03603
11780,CGTAGAGCAAGAGGCT-1,0.0033167912,14,0.2291,1.78103,0.78874,1.52557,1.64795,2.95645
11781,ATGTAGAAGCACAGCA-1,0.0023397839,1,1.11461,2.35883,0,1.66259,1.20897,2.45268
11876,TAGAATTCAATCGCTA-1,0.0009522961,4,0.20355,2.51066,0.99974,1.94781,1.78777,2.69271
11877,GACGTAGAATGAGTGA-1,0.0033167912,21,0.16482,2.27512,1.17327,2.07118,2.07472,3.02981
11878,CGCTGCACCTCGAGCG-1,0.0033167912,18,0.3644,2.54853,0.9851,2.05095,2.05002,2.9934
11879,ATTACTTCTAGCCGGT-1,0.0033167912,5,0.39756,2.56412,0.80118,2.01262,1.86119,2.986
11880,GCGAGCGGCTTGACAT-1,0.0033167912,4,0.38556,2.59447,0.81773,2.8242,2.32674,3.65723
11881,GTGCAATTCGAGCGTT-1,0.0033167912,7,0.22083,2.42041,1.03662,2.07054,2.02639,3.06075
11882,CCTATGATCCGCTTCT-1,0.0033167912,35,0.31529,2.39667,0.65214,2.06947,1.91808,2.94446
11883,ACCTGCCATAAGTCGT-1,0.0029315362,15,0.16071,2.12803,0.63119,2.10292,1.91486,2.90197
11886,AAGATTATACGAATGC-1,0.0005295087,4,0.46295,1.77936,0.02448,1.86711,1.89244,3.12528
11887,TGTCACAATGCACGTA-1,0.0015698484,8,0.50086,1.89351,0.31444,1.54477,1.7594,2.92841
11891,CCGTGACACTAGTATC-1,0.0011373095,NA,NA,NA,NA,NA,NA,NA
11892,CTTCAAGAGCTTATAG-1,0.0018245221,6,0.7032,1.92532,0.57617,1.20717,1.35717,2.71516
11893,GATGTCCGATACGGTC-1,0.0009100629,4,1.05673,2.43676,0.01385,1.46092,1.59034,2.97069
11987,GTATGTGCGGAACTTG-1,0.0001811969,2,0.0225,2.34264,0.05021,1.65599,1.98852,3.07048
11988,CTTCGAATAGAAGGCA-1,0.0033167912,21,0.23538,2.41787,0.88904,2.00434,1.91184,2.80799
11989,GCGTTCGAAGGCGTTC-1,0.0033167912,43,0.28723,2.35659,1.31039,1.97258,1.78467,2.87509
11990,GGACGTACAGCACCTC-1,0.0033167912,23,0.27186,2.42123,0.6344,2.04963,1.79935,2.80927
11991,CATCGGCAGTGGAACC-1,0.0033167912,29,0.3232,2.40152,1.06567,2.15907,1.80472,2.92802
11992,GCTCTGCATCGGTCAG-1,0.0033167912,23,0.4404,2.53416,0.66385,1.89809,1.76844,2.9545
11993,CTTAGCCTCGTTGCGA-1,0.0033167912,25,0.32023,2.34039,0.86037,2.09069,1.76743,2.82514
11994,AAGCGAGCTATCACGG-1,0.0025803793,3,0.26779,2.29669,1.13381,2.01261,2.05837,2.9706
11996,GCACGAACGGCATGTA-1,0.0012485482,6,0.3581,2.21893,0.82191,1.72539,1.65045,2.76612
11997,CTCGATAGGCCTCAGG-1,0.0033167912,36,0.24501,2.10459,1.35338,1.83032,1.76762,2.94106
11998,AGCGACGGTACCTCAC-1,0.0033167912,23,0.32142,2.07364,0.88307,1.69989,1.73291,2.92962
11999,TGGTTGGCCTAGTGGA-1,0.0032406503,34,0.51703,2.25554,0.76815,1.84108,1.70095,2.86306
12000,GCTCAATCTTGATCCG-1,0.0032628042,27,0.34344,2.08744,1.06831,1.78156,1.69838,2.87556
12001,AGTGCGCATACTCACG-1,0.0009529983,3,0.39784,1.90801,0.65357,1.9035,1.52009,2.69835
12002,CGTCACGTCTACGTAG-1,0.0003728924,NA,NA,NA,NA,NA,NA,NA
12003,CTGACTAAGGATTGAA-1,0.0003724292,NA,NA,NA,NA,NA,NA,NA
12100,ACCGTACATACGTGTC-1,0.0019553605,12,0.22766,2.4503,0.60638,1.96762,1.83436,2.74459
12101,AATTCTTGTCAGTAGG-1,0.0033167912,16,0.21891,2.64309,0.31997,2.11682,1.99001,2.81209
12102,GTATGGTTCAGAGCAT-1,0.0033167912,20,0.14044,2.48158,1.17902,1.85808,1.9261,2.82218
12103,CATCGCAATGTACCAC-1,0.0033167912,31,0.19059,2.48603,0.37596,1.94107,1.82408,2.83759
12104,GACCTGCTCAGAACGC-1,0.0033167912,15,0.18961,2.70172,0.78665,2.66208,2.09314,3.15648
12105,CAGTCTCAACTCCTTC-1,0.0033167912,1,0.1301,2.88973,0.60952,1.64578,1.98283,2.91457
12106,ACTGGACCAAGTCGCA-1,0.0033167912,14,0.13729,2.38515,0.42617,1.76619,1.7965,2.79489
12108,TGTTGGTGATTAGGTA-1,9.31419e-05,NA,NA,NA,NA,NA,NA,NA
12109,GAGCATTGCAGGAGCC-1,0.0033167912,5,0.22383,1.80329,1.47389,1.80447,1.60397,2.55656
12110,TGTATCCGGATAACTG-1,0.0033167912,46,0.19049,2.06206,0.85643,1.32939,1.46009,2.64505
12111,AGTCGTATAGGTGGCA-1,0.0033167912,10,0.27147,1.90473,1.59074,1.47097,1.70404,2.75538
12112,ACGGCTGGTATGATGT-1,0.0033167912,52,0.26301,1.97743,1.06843,1.50518,1.53788,2.67594
12113,TGAGTTCCATTGAGTA-1,0.0033167912,1,1.46155,2.21921,2.1379,2.57534,2.01062,2.77747
12212,GTCAGAATCTGCCTTG-1,0.0031272298,13,0.20274,2.43963,0.69043,2.16462,1.90474,2.78017
12213,GGTGTCGCACGCATGC-1,0.0033167912,19,0.11371,2.20248,0.48947,1.57439,1.63563,2.61061
12214,AATACGATGTTGCCAA-1,0.0033167912,37,0.15792,2.23136,0.5348,1.83744,1.61208,2.55666
12215,TACGACGTTCCAAGGT-1,0.0033167912,36,0.17177,2.26529,0.66701,1.72741,1.67742,2.61697
12216,CTATAACTAGAAGCGG-1,0.0033167912,37,0.23872,2.36935,0.50085,1.92919,1.74125,2.63631
12217,GGTCTAGTTATGAATC-1,0.0033167912,59,0.2092,2.39634,0.76098,2.1606,1.93612,2.87926
12218,GTTGTCTGAGAATTCT-1,0.0006831907,NA,NA,NA,NA,NA,NA,NA
12220,CCGGATGGTATTAAGA-1,0.0022113386,9,0.31187,2.0535,1.26981,1.27381,1.72342,2.92183
12221,GGAGAATCTGACTATT-1,0.0033167912,16,0.36196,2.05958,0.83145,1.57207,1.68487,2.95514
12222,TATGGCCAATTAGAAT-1,0.0033167912,8,0.4883,2.06821,1.20854,1.41723,1.71313,3.07283
12223,ATGTCTTCCAGCCTAA-1,0.0033167912,36,0.45568,2.17181,1.07961,1.40544,1.79794,3.0675
12224,TCTACTGGCGCTGCCT-1,0.0033167912,38,0.48718,2.19278,0.85902,1.41305,1.73874,2.99998
12325,GTCAGGATGCACAATT-1,0.0028999975,26,0.15442,2.08456,1.30116,1.93681,1.78249,2.83082
12326,ATTCAGCGCAGCCGCA-1,0.0033167912,15,0.18488,2.20664,0.90921,1.64744,1.61673,2.64461
12327,TCAGGTCTAAGGCCGA-1,0.0033167912,20,0.21063,2.39887,0.69891,1.75196,1.78357,2.91641
12328,ATTACTCAATCGCCAT-1,0.0033167912,19,0.13187,2.20982,0.98237,1.74211,1.79082,2.8167
12329,AGGAATCCTACCAGCA-1,0.0033167912,25,0.20625,2.27081,0.98453,1.78671,1.8033,2.87182
12330,TGTAGGAGGCTAGCAG-1,0.0033167912,16,0.25677,2.15876,1.31168,2.12165,1.76753,2.86197
12333,AAGGACCAGATAACTG-1,0.0027136126,14,0.55414,2.0198,0.67546,1.50639,1.79971,3.1078
12334,CGCCTTGTCGACCGAG-1,0.0033167912,55,0.49513,2.24889,1.01935,1.41809,1.72734,3.01692
12335,TGCTATTACACTAAGC-1,0.0033167912,41,0.71897,2.06502,0.85982,1.47267,1.70412,3.01848
12336,ATTCCGGTGCAGGTGG-1,0.0033167912,30,0.41916,2.07875,1.08469,1.38181,1.70562,3.0164
12436,AAGTCGCAGTTACCGA-1,0.0027623441,18,0.28132,2.01821,0.85649,1.72717,1.7335,2.68874
12437,AACCTTGTCCGTAATT-1,0.0033167912,33,0.23942,2.07515,0.81565,1.77167,1.66273,2.6191
12438,GTGGCGAGAATGCGAA-1,0.0033167912,28,0.17597,1.92407,0.47504,1.61364,1.56811,2.4912
12439,GGAGCAGTAACAATGA-1,0.0033167912,33,0.23017,1.91109,0.49437,1.55498,1.6504,2.55744
12440,AGATGAGGTCGTGATA-1,0.0033167912,5,0.25,1.73819,1.34243,1.63493,1.5652,2.67543
12441,ATTGCCAATATCGACA-1,0.0033167912,10,0.19536,2.03812,0.23174,1.6653,1.571,2.41877
12442,CTGCGGCAAGCCTATT-1,0.0022541607,1,0.41282,1.96115,2.38289,2.3317,1.92485,2.52566
12443,ACTGGTAGTCTTATTC-1,0.001064881,NA,NA,NA,NA,NA,NA,NA
12444,GCTGACTTCCGGATGA-1,0.0004122435,NA,NA,NA,NA,NA,NA,NA
12445,AACCTACAAGTTAAGA-1,0.0008737643,5,0.85262,2.38689,0.0115,1.65628,1.59571,3.00645
12446,AGGTCGGTATAACTTG-1,0.0002492168,1,0.12962,1.69221,0,1.8322,1.14427,2.43438
12447,GATTAATTCACTAGAA-1,0.0007000965,NA,NA,NA,NA,NA,NA,NA
12548,CAGTAACGACCAGAAG-1,0.0016183322,4,0.47251,1.61377,0.82996,1.20471,1.55389,2.61895
12549,AACCTGTCTACCTATC-1,0.0033167912,37,0.3945,1.74503,1.3447,1.55608,1.75045,2.79382
12550,AGATCGGACAATTCTA-1,0.0033167912,13,0.39451,1.85832,1.09976,1.5043,1.88045,2.76595
12551,ATGTCGCACGTCCGAG-1,0.0033167912,23,0.41046,1.73073,0.96673,1.66734,1.68531,2.75682
12552,TGCGATTACATTGTCT-1,0.0033167912,28,0.67983,1.89306,0.56629,1.32866,1.46886,2.6991
12553,GTGGCGCACGATCGTT-1,0.0033167912,6,0.5044,1.74984,1.71321,1.36831,1.62085,2.90859
12554,GTCTATTCCTTAGCCA-1,0.0033167912,4,0.58853,1.71531,1.08,1.74761,1.87179,2.98541
12555,ATGGAGATGCCGGTAC-1,0.0031792839,28,0.6656,1.94073,0.64561,1.34249,1.55015,2.76074
12556,TGAGCTCAGACCAGTG-1,0.002166058,22,0.28495,1.82549,1.64808,1.37155,1.71059,2.87351
12660,AAGGTTATTGACATTC-1,0.0005522705,5,0.31536,1.88709,0.55871,1.56982,1.69033,2.85067
12661,ATTCACTGAATGCGGC-1,0.0033167912,13,0.42274,1.82262,0.61977,1.49773,1.72831,2.945
12662,CGAGGAAGATTCGATT-1,0.0033167912,17,0.47653,1.86836,0.54806,1.3566,1.6307,2.83737
12663,CATGTTGAAGCCTGTA-1,0.0033167912,12,0.54113,1.56418,0.57597,1.46305,1.65949,2.98675
12664,AGTCGGACGTGACAGG-1,0.0021614534,NA,NA,NA,NA,NA,NA,NA
12665,CGCTACAGTGCCAGGT-1,0.0011186445,8,0.60748,2.00686,0.54246,1.40146,1.66013,2.96205
12773,TCGCCTTGGAATGAAG-1,0.0001145414,NA,NA,NA,NA,NA,NA,NA
12774,AGATAGATAACGATAC-1,0.0033167912,17,0.51927,1.48983,1.33797,1.32703,1.71932,2.93576
12775,CCATACATGTACCGAA-1,0.0033167912,17,0.67264,1.55276,0.57056,1.25237,1.56473,2.8839
12776,TCCTGGAGCAAGCCGC-1,0.0001447033,NA,NA,NA,NA,NA,NA,NA
12886,ATCATTCGTCGGTGCG-1,0.0023306107,29,0.75908,1.6754,0.44269,1.15688,1.51338,2.9079
12887,CAGATCGCATAGTGAT-1,0.0009522947,11,0.82115,1.61001,0.52861,1.09127,1.5239,2.95368
12999,CGCTGCGGTCCATCAC-1,0.0031041395,2,1.38942,1.7258,0.32654,1.21842,1.24321,2.94085
13110,AACCTTCTGTGCTGAA-1,0.0003872822,NA,NA,NA,NA,NA,NA,NA
